{
    "v_res": 480,
    "h_res": 640,
    "square_side": 0.1,
    "dist": 150.0,
    "eye": [
        600.0,
        300.0,
        300.0
    ],
    "look_at": [
        0.0,
        0.0,
        0.0
    ],
    "up": [
        0.0,
        0.0,
        1.0
    ],
    "background_color": [
        0,
        0,
        0
    ],
    "ambient_light": [
        255,
        200,
        200
    ],
    "objects": [
        {
            "color": [
                71,
                181,
                255
            ],
            "ka": 0.1,
            "kd": 0.8,
            "ks": 0.5,
            "exp": 8.0,
            "triangle_mesh": {
                "n_t": 32,
                "n_v": 96,
                "verteces": [
                    [100.0, 0.0, 0.0],
                    [0.0, 0.0, -100.0],
                    [70.71064, 70.710716, 0.0],
                    [0.0, 0.0, -100.0],
                    [100.0, 0.0, 0.0],
                    [70.71067, -70.710686, 0.0],
                    [0.0, 0.0, -100.0],
                    [70.71067, -70.710686, 0.0],
                    [9e-06, -100.0, 0.0],
                    [0.0, 0.0, -100.0],
                    [9e-06, -100.0, 0.0],
                    [-70.710693, -70.710663, 0.0],
                    [0.0, 0.0, -100.0],
                    [-70.710693, -70.710663, 0.0],
                    [-100.0, -9e-06, 0.0],
                    [0.0, 0.0, -100.0],
                    [-100.0, -9e-06, 0.0],
                    [-70.710693, 70.710663, 0.0],
                    [0.0, 0.0, -100.0],
                    [-70.710693, 70.710663, 0.0],
                    [9e-06, 100.0, 0.0],
                    [0.0, 0.0, -100.0],
                    [9e-06, 100.0, 0.0],
                    [70.71064, 70.710716, 0.0],
                    [60.000004, 0.0, 35.0],
                    [100.0, 0.0, 0.0],
                    [70.71064, 70.710716, 0.0],
                    [60.000004, 0.0, 35.0],
                    [70.71064, 70.710716, 0.0],
                    [42.426384, 42.42643, 35.0],
                    [100.0, 0.0, 0.0],
                    [60.000004, 0.0, 35.0],
                    [42.426407, -42.426411, 35.0],
                    [100.0, 0.0, 0.0],
                    [42.426407, -42.426411, 35.0],
                    [70.71067, -70.710686, 0.0],
                    [70.71067, -70.710686, 0.0],
                    [42.426407, -42.426411, 35.0],
                    [3e-06, -60.000004, 35.000004],
                    [70.71067, -70.710686, 0.0],
                    [3e-06, -60.000004, 35.000004],
                    [9e-06, -100.0, 0.0],
                    [9e-06, -100.0, 0.0],
                    [3e-06, -60.000004, 35.000004],
                    [-42.426418, -42.426395, 34.999996],
                    [9e-06, -100.0, 0.0],
                    [-42.426418, -42.426395, 34.999996],
                    [-70.710693, -70.710663, 0.0],
                    [-70.710693, -70.710663, 0.0],
                    [-42.426418, -42.426395, 34.999996],
                    [-60.000004, -5e-06, 35.0],
                    [-70.710693, -70.710663, 0.0],
                    [-60.000004, -5e-06, 35.0],
                    [-100.0, -9e-06, 0.0],
                    [-100.0, -9e-06, 0.0],
                    [-60.000004, -5e-06, 35.0],
                    [-42.426418, 42.426395, 34.999996],
                    [-100.0, -9e-06, 0.0],
                    [-42.426418, 42.426395, 34.999996],
                    [-70.710693, 70.710663, 0.0],
                    [-70.710693, 70.710663, 0.0],
                    [-42.426418, 42.426395, 34.999996],
                    [3e-06, 60.000004, 35.000004],
                    [-70.710693, 70.710663, 0.0],
                    [3e-06, 60.000004, 35.000004],
                    [9e-06, 100.0, 0.0],
                    [9e-06, 100.0, 0.0],
                    [3e-06, 60.000004, 35.000004],
                    [42.426384, 42.42643, 35.0],
                    [9e-06, 100.0, 0.0],
                    [42.426384, 42.42643, 35.0],
                    [70.71064, 70.710716, 0.0],
                    [0.0, 0.0, 35.0],
                    [60.000004, 0.0, 35.0],
                    [42.426384, 42.42643, 35.0],
                    [60.000004, 0.0, 35.0],
                    [0.0, 0.0, 35.0],
                    [42.426407, -42.426411, 35.0],
                    [42.426407, -42.426411, 35.0],
                    [0.0, 0.0, 35.0],
                    [3e-06, -60.000004, 35.000004],
                    [3e-06, -60.000004, 35.000004],
                    [0.0, 0.0, 35.0],
                    [-42.426418, -42.426395, 34.999996],
                    [-42.426418, -42.426395, 34.999996],
                    [0.0, 0.0, 35.0],
                    [-60.000004, -5e-06, 35.0],
                    [-60.000004, -5e-06, 35.0],
                    [0.0, 0.0, 35.0],
                    [-42.426418, 42.426395, 34.999996],
                    [-42.426418, 42.426395, 34.999996],
                    [0.0, 0.0, 35.0],
                    [3e-06, 60.000004, 35.000004],
                    [3e-06, 60.000004, 35.000004],
                    [0.0, 0.0, 35.0],
                    [42.426384, 42.42643, 35.0]
                ],
                "triangle_indexes": [
                    [1, 2, 3],
                    [2, 1, 6],
                    [2, 6, 9],
                    [2, 9, 12],
                    [2, 12, 15],
                    [2, 15, 18],
                    [2, 18, 21],
                    [2, 21, 3],
                    [25, 1, 3],
                    [25, 3, 30],
                    [1, 25, 33],
                    [1, 33, 6],
                    [6, 33, 39],
                    [6, 39, 9],
                    [9, 39, 45],
                    [9, 45, 12],
                    [12, 45, 51],
                    [12, 51, 15],
                    [15, 51, 57],
                    [15, 57, 18],
                    [18, 57, 63],
                    [18, 63, 21],
                    [21, 63, 30],
                    [21, 30, 3],
                    [73, 25, 30],
                    [25, 73, 33],
                    [33, 73, 39],
                    [39, 73, 45],
                    [45, 73, 51],
                    [51, 73, 57],
                    [57, 73, 63],
                    [63, 73, 30]
                ]
            }
        }
    ],
    "lights": [
        {
            "intensity": [
                50,
                255,
                255
            ],
            "position": [
                700.0,
                800.0,
                600.0
            ]
        },
        {
            "intensity": [
                255,
                50,
                255
            ],
            "position": [
                300.0,
                900.0,
                800.0
            ]
        },
        {
            "intensity": [
                255,
                255,
                50
            ],
            "position": [
                1000.0,
                350.0,
                800.0
            ]
        }
    ]
}